{"base_files_url": "https://raw.githubusercontent.com/mchiaramonte/mister-cdrdao/76610924708646e7d7280c98714d9b71bcaa71d3/", "db_id": "mchiaramonte/mister-cdrdao", "db_url": "https://raw.githubusercontent.com/mchiaramonte/mister-cdrdao/db/db.json.zip", "files": {"Scripts/.config/mister-cdrdao/MegaCD.dat": {"hash": "e74892b61d8aea6f5d3a9d74349496be", "size": 1610539, "tags": [5, 22, 23]}, "Scripts/.config/mister-cdrdao/NeoGeo-CD.dat": {"hash": "63b924f426264dd62a66d3688f79e9b6", "size": 700968, "tags": [22, 23, 26]}, "Scripts/.config/mister-cdrdao/PSX.dat": {"hash": "a943c6ef0fed66fa913752a53c03969e", "size": 12699145, "tags": [22, 23, 28]}, "Scripts/.config/mister-cdrdao/Saturn.dat": {"hash": "380112729a4e967c3692fabf2ff02b3b", "size": 5869301, "tags": [22, 23, 29]}, "Scripts/.config/mister-cdrdao/TGFX16-CD.dat": {"hash": "d7d8be56353004dd3427b05960d6cb3e", "size": 3094029, "tags": [3, 22, 23]}, "Scripts/.config/mister-cdrdao/binmerge": {"hash": "9ebdab836fa07545f76daeda5ab896e7", "size": 13133, "tags": [22, 23, 24]}, "Scripts/.config/mister-cdrdao/cdrdao": {"hash": "36aab36a7e3caf09565efe9f92933a97", "size": 5100244, "tags": [22, 23, 25]}, "Scripts/.config/mister-cdrdao/processcue.py": {"hash": "fdab90ce8518dc4891a850fba19267e1", "size": 5653, "tags": [22, 23, 27]}, "Scripts/.config/mister-cdrdao/toc2cue": {"hash": "0698a9fdc9fb506817fe80d6b1a58002", "size": 2360456, "tags": [22, 23, 30]}, "Scripts/ripdisc.sh": {"hash": "fe48cab387c7cfa9ca38eeb476948492", "size": 1434, "tags": [22, 31]}}, "folders": {"Scripts": {"tags": [22]}, "Scripts/.config": {"tags": [22]}, "Scripts/.config/mister-cdrdao": {"tags": [22]}}, "tag_dictionary": {"binmerge": 24, "cdrdao": 25, "megacd": 5, "mistercdrdao": 23, "neogeocd": 26, "pcenginecd": 3, "processcue": 27, "psx": 28, "ripdisc": 31, "saturn": 29, "scripts": 22, "segacd": 5, "tgfx16cd": 3, "toc2cue": 30, "turbografx16cd": 3, "turbografxcd": 3}, "timestamp": 1750865605}